discord_id,customer_id,invite_url
1382331742177726544,staff,
1379002293692792902,staff,
1366703548070363177,staff,
1364982893897846854,staff,
1342518585616105567,51690025,
1329512205435146312,17106639,
1325637793044500561,13241002,
1325534844351938561,51827042,
1320440639833378918,staff,
1318628194668249179,11906522,
1318511538495033377,10262766,
1318316575669092418,21805031,
1318285326262866011,50932645,
1317758122718400582,20333670,
1317429245655646258,14270739,
1317118791288881285,staff,
1317038945858490378,18482394,
1317031159619780669,staff,
1316827207938609156,51571838,
1316382719344775199,2902959,
1316298898129817671,18527352,
1316180221896163408,19748997,
1316129123482996747,21399649,
1316126960191275101,staff,
1316105461317242921,21186222,
1316091333932482660,17906612,
1316079717350117387,staff,
1316055389137010709,staff,
1316048351967318138,10263035,
1316047022616346666,staff,
1316046999396552736,staff,
1316036047917944914,staff,
1316032643560898642,22779149,
1316023906414362668,10729242,
1316015474668212234,15647475,
1315701109637251206,51948620,
1315663089110351880,16250240,
1314254783921651804,staff,
1312316271597060107,staff,
1311701530943946803,staff,
1311645777759830039,14678327,
1311338638516162561,16836160,
1310624260749922395,staff,
1295668413716496476,staff,
1293494119934591006,staff,
1292829430414315541,18626272,
1284062358926393421,staff,
1279939005907210340,11911401,
1278471382149103629,20997725,
1265416288235159604,18488722,
1263856008195866773,staff,
1253674968303009883,10685647,
1253619504156512350,20486173,
1250067834021613634,22529901,
1249518749187571755,11586703,
1198114497861275748,21966909,
1193669480849621024,23038719,
1188418928733589584,16013809,
1172524983805816977,staff,
1171750015161597952,14575123,
1164466293064347648,18469080,
1155499811177500742,21824056,
1131603829545242644,20240637,
1130429805704265749,23289867,
1130074796038828034,10142654,
1128723181591613622,14492470,
1115035292072689734,13940117,
1113412037574406175,staff,
1104345627699200100,18251142,
1104187565801746482,22844011,
1101677225952161903,20395289,
1093635115063709726,20260597,
1093172539959812146,23057042,
1091783862645968977,51760700,
1082648016051249192,19998949,
1080163631506935810,20380652,
1075081587315703919,18533024,
1074618169601294426,16989860,
1072599057157083186,23122225,
1071835043087003658,21728644,
1061852067091714259,13447046,
1060207320811974657,51453763,
1052508671604695080,20808309,
1049733560006877234,20420919,
1048743673640263781,21553295,
1035464708070854737,20212240,
1030643028735561738,4353604,
1023301818626875462,23416901,
1016368476606189598,20358730,
1016038279444971550,19874613,
1007028361131986945,50487733,
985182155409875034,18029638,
983208988705456179,staff,
978688434724016148,staff,
969414639790215178,16667187,
967774589495156766,23099304,
964556516793389087,13960276,
956538648482967552,50800868,
947898476614783026,19354694,
938452080526524476,23164719,
933766826171711511,20796964,
933474385153630248,20420239,
932318751565688833,18410642,
931284138428887060,20755413,
928744510165504091,staff,
927603462827556865,14520768,
916834849392828466,18581453,
907268134841495624,11150554,
906435322152370198,17556664,
900091990744662108,11638078,
897836320729235517,23024786,
883406172244287488,21522436,
882717679889313802,20835503,
881937375381553183,16632307,
875348434683584523,staff,
865672880501948446,17219870,
861945263093579816,20836392,
861588157589225482,22440258,
859770023454048266,16260467,
856617724222767144,21557530,
851748336037265438,20283084,
846669809612488716,17003807,
844334135673487380,22759353,
833950313852960769,22177877,
830469950325653524,20974353,
821973305530777621,52215072,
820397490271682640,20603388,
809754361412583455,19320940,
809114210071740426,51654022,
798727407804612649,17259637,
796420211296829450,18822455,
794032009810018344,15746162,
789506065011310622,22016482,
788866885357666396,20679124,
786618076270690425,15659418,
785108438937108500,20726626,
784330607915958323,15842258,
782752151029022782,12601956,
781966960937664512,16825676,
781108757123825664,20931439,
780079212584894464,16549265,
779052075236458561,15473842,
777684102802702377,17773292,
773830026583867422,21173042,
767893577946628168,15394353,
764439969140965387,21395098,
758010900316684298,52305725,
757893374618632254,12543836,
752279639270883448,11388669,
752136937459941406,17377160,
751082324765966366,19784356,
738144030197678148,15223973,
732332721275142215,21126187,
725355583431114803,20733070,
724992708438917161,15448280,
722835327303286907,15179229,
718110278239387708,21244440,
714877959827357736,18529504,
713183092873101382,3645150,
710502266364362783,15848703,
710061164079611925,20188121,
708807030445572108,20352435,
704755807530778666,22202746,
704643244276842526,18194762,
703941106437455922,14955769,
702828208122363975,16323934,
702240679270678668,16592041,
702224990493343794,11439495,
701528781424427019,13859903,
700114515345539173,14541621,
699618648217616394,14485155,
696864800638107709,18465063,
694680314437566537,22455561,
694242800929079296,17426576,
694138006805676044,15096812,
693901654998909109,20861757,
693503886429913168,17796871,
692823838743986286,15200223,
692374095379300422,17002293,
689863223389716545,19770076,
689816534583214116,5196657,
686914381715603484,51447106,
682643957892513806,16011588,
682546279267696724,13938149,
681907748077961273,15264600,
681750442824564742,13029116,
678344927997853742,staff,
676212647502413835,18371109,
675009290960109624,13438657,
671785692623273996,14576176,
671087032440717317,21469370,
669866090137911317,4129954,
660482870925852693,20458627,
659502815487590442,14486869,
653656841485680640,15124285,
652672649805168684,22295616,
652070768888381442,14348896,
650835705685344259,23132242,
646109991476133919,17275322,
645882988827115550,14321863,
643184015775629362,16544026,
641035285995454466,14087223,
639161763690184724,21350761,
621042382682456095,19255187,
616561949710221314,21591289,
615609137912610817,20774226,
606863523934633987,13138413,
605601741043400724,21202305,
603681547719016448,52369808,
600741930225369118,15472609,
598145704451506177,53220915,
592471363764092943,20446285,
591281669994971136,18452446,
584434296895307786,52090961,
583035331440410655,13709658,
581824056144166922,21909747,
580035166123327509,17503840,
576406721464107048,14130556,
574532759821746227,21951909,
572803456411369483,13678120,
571272751864610816,17555775,
570279583824216091,12927253,
567420242226315264,18889541,
564105464791433239,15440377,
560766673800527892,18166753,
558308465412669441,13305610,
551131482429587468,17833753,
549621944698273829,21018842,
547890870414999552,22414700,
547036085604057098,15343163,
546688077092093952,17774665,
543565316483973121,15844280,
539458915117563912,16252705,
539059848063483904,15341381,
532679896397381642,21113004,
532347035626766340,17651481,
524670170602668060,11643401,
523681253506023444,12508045,
520965356169330707,52946688,
517915810967191553,13354124,
517769506492252160,51861617,
513746982859440148,15442155,
511790418275467267,14677984,
509072594419318805,21229524,
505437760585334785,17197668,
502162139017117697,50907182,
501363539189956628,18285272,
500343207411056650,14065547,
495668298097229848,20447670,
494185099449860100,17156421,
493910110213767179,55593786,
485554539869765662,13609906,
484648745057779716,51923558,
484516574678745090,18066942,
483954369780383744,18002431,
483129149549051905,54274758,
482636295093354507,20427584,
481635215458959391,18343170,
481104429181960212,13667218,
480891556946116608,11583504,
480145807815999508,12316897,
480002967689494529,22535831,
473066835969835016,52217284,
472669016821989388,18563630,
471352382886903829,20937834,
468842157638418433,14617038,
463322831007121430,19044562,
463097121801764877,14409486,
460115264336560209,50288814,
457302559271682081,14440315,
455082268268953610,23097286,
453769502190993428,12895140,
453087514899775488,13716751,
452902318065582100,13854034,
452229524088815616,3317678,
450702305671774219,22064434,
450256178300321812,23068178,
448842533062311936,51997827,
446950234699071488,52309164,
446279869949804549,14531364,
445603064255086602,12966596,
443541116034351104,23392696,
438005619883114526,13161929,
435132652912115727,22888568,
433362561996554252,10692455,
430865974322003978,20646614,
428949492214136839,12966500,
428812104724905984,21323520,
426396727042637833,18514375,
425947384120475648,15626476,
425766353543364609,52702613,
414208164469407745,17018652,
413904508054142976,22227530,
412620835791044618,22553437,
411522252270600192,21043176,
411177637382324227,13904203,
410855483357003777,13241585,
405828430672691200,13351751,
404285632093880332,13740858,
403155011787554816,20624136,
400672096960774156,staff,
400626248197341184,13530683,
399964509369925634,14492884,
398202066624839690,19916485,
395180194484191243,staff,
391543189871525901,14089961,
390070216656289792,22785971,
389470982059982868,13207923,
389455828694073345,15788219,
388063618735800321,19066737,
387527593278308352,19298303,
387280414336876544,21042044,
387257571024699393,12410828,
386524354390786051,17768598,
386476476800958464,14360729,
386246820709269505,21386667,
385432199140212747,13505132,
385160018112020484,19040922,
384494170674298892,18052079,
382297840703242251,16070029,
378889588862877696,10861632,
378609405857497089,3817736,
376788077190053899,13139353,
376699445796012032,16516110,
376274512561569793,3915686,
375232272288186369,18210574,
374534224386195459,18451513,
373043936739983360,16179186,
370602475004362753,11157312,
369041211937390594,13391965,
365625506537799682,staff,
365607105958379520,53086837,
365466482202771457,15766023,
364123939284451329,20123646,
361462736074309643,51458859,
355393759007211531,16653637,
353286623926026250,15744927,
352830685569875971,18256604,
348110766190231552,21504844,
348083050250240000,staff,
345601268057767937,17408784,
343742938343276546,52000955,
343008630250930177,20445265,
340845200777674755,23158775,
340569975448403985,13258040,
339067599524724737,14013970,
334745337396723732,21271482,
328555437421232129,20759619,
327807088078356491,16416899,
326527609250906113,20299871,
325268320746078208,12905958,
321926512729128971,20049197,
321714206355226625,10625108,
321689197897318400,21213510,
319869298363334657,11194801,
319551097507151873,18365074,
319471517341843456,13553975,
314133991068270592,3747620,
313575860542111746,18358519,
311671473473323009,10662343,
309777853439016960,18538491,
309378278395871242,18548152,
307968555411046402,15180790,
307957885084762112,16591690,
304913528211636224,20563934,
303173462250487808,12364698,
302444271812870145,20815178,
299919679798116353,14988108,
296768798692999168,15193527,
296382503579811841,staff,
295497935683059722,22214002,
293691955953664000,17954813,
293402362406764545,19994633,
291569127749844993,52949062,
291360235849777152,14687002,
290464852072464384,20823155,
289427182583939072,14655117,
286930295545135105,11620701,
281550581754232833,20430001,
280732873043214337,11253039,
279975149250543616,13386951,
277469498569916417,13898246,
275799491288760320,20379950,
275355817782542337,21142054,
272735594558521344,staff,
270246331254046720,13975516,
270230195980468227,22661083,
269605113507741698,22884519,
267298064404971520,17021701,
266556090462765063,19662880,
254935248226222082,52299415,
253201913565151232,21056520,
249897964204457985,16729309,
249222909808214026,15979835,
249162528620412929,10270059,
248825897266708480,18256998,
246922969723568128,17884604,
242351746427387904,21763618,
241923336408530945,18918330,
241007839739379712,14411599,
240619159803789312,22696630,
238658581937782784,17028525,
237161973282766848,14220621,
236855796753760258,18469232,
233937412957536256,18141198,
231056884881162240,17658040,
228225050757693441,51922419,
222989156408754187,staff,
222718298003865602,21439842,
222383988646477824,20807233,
218332734701961216,8170225,
216866325497118720,13701451,
214441938185748480,13386548,
210737140219379713,staff,
209136075271176193,54163828,
201449557869985793,staff,
201001382428409856,12008114,
198115892419231744,21080572,
195555605979594753,22668658,
195251128743624704,22351685,
194450030663303168,12370577,
189054550148120576,20218231,
187952006823018496,16559438,
186066670647902218,13393743,
185773791950012416,22435844,
178503810832924672,14679339,
166587330646376449,21345637,
159461117079322624,11565823,
158926136598855681,21388090,
158872363583275009,22546643,
158718506227990528,15195686,
153111986010456064,19346799,
149652855714742274,17860635,
148833575343620096,staff,
133272970369040384,14492910,
126035252752678912,14452702,
1021066958386507836,16994862,juVuZBt62N
431123096683020299,22680331,PWF3fSRA9v
766454685204611134,14799339,wrzwmPKuKS
200724228159438848,14979271,2G6VjTXtxp
1207594772601110528,53274441,2K3z7jR4Tc
316600292948967425,17298748,3xnSrh2T5Z
468347535396831253,staff,49TxbgZXwS
742421271098294322,17046964,2wauuKfEvs
211248919391240192,50414648,4yTHnjkURx
251854812818309120,13138515,3V4KtY446r
756653638629195936,11704322,3UvHuHU62J
250269801094578176,17683896,EW7RrFBxEX
245340701624238081,19750849,4DmURQkH3P
450475981887504394,21501915,3YfZd2HM63
455776938699784192,13113874,7aPvDMDg7V
1047554336185655300,13531786,J9vVqeCeuz
435756079557902336,13143035,FMRTqesKyD
1069543939645898856,20895658,FpMpW7TzU5
602750352873357316,15797857,DGXhyf9SrF
1376490361496666112,16516988,gUqRGrFhUT
194053808635117568,18471074,s6ddzxCVza
1327416252368551996,16383666,QkXsV8QSm7
774240234069295104,19229035,aBs3qzC8FV
229164592201334785,13686651,QGVxpg9rVE
1307534433733181511,14972776,zjbT32QVMw
481528938703880192,17209245,zqvWTVeZdB
1374002075595313275,9918086,CAsRbqarYj
338098768648077313,12529966,meaMubpANr
1017031332607574016,18478966,5jraRVfnHt
804320825271910431,15168211,5n6TnxNamk
244923961551486977,18457948,tMdd4zdFWn
1273698575536226462,12987839,9YmAFAAZs3
309028142289256459,19192120,3WnUkeKz4r
658087452992602153,14492549,vrdx6Zumd3
707868313685852170,20312384,A6tz7Rtq5Y
200196252984410112,18623965,FkwdxYmYpr
1029383124959907941,11228464,SfK65ahyEd
1298607495631212545,18476486,q9hwjyR8j7
497511430900154369,11118254,RFgcG6kAHg
665961089460076554,3512977,5uXCBYcpK7
542911519558598657,18429603,tBhkJNwyaw
361172189552312322,17680151,TcjrnhaKjN
1260450878117380129,12014286,sRMVEMayyH
1214668372441169920,11506420,qn3p7sZqs5
572719636777271306,12596579,EKcxBZ2qub
373103980328517642,20441613,9cuTQXjsrb
225709266030297088,15232105,dUHxprVVNs
233330580085800963,8291116,28DQ9DQAEf
489859919085043743,15682407,BThnB4b8YJ
255003480564039690,18570842,uNQM3ynjDJ
437698263223762944,18587661,gr522vsRqq
250029056647495680,14092967,VbpSrEnvv2
1417625642819649617,13233250,fnSHMhMk29
374781035784830976,10287006,fXeyADzf3f
1417763266943389789,4432126,B9xbfGJc8v
673997836345671690,19650071,DxsTcBkJPJ
326729037932265473,2481034,t53Vz8UHt6
703742067712720898,15303295,YewJey2Pky
172851493358141440,10514117,B5TKefwTmk
959098781033455697,20850519,3cHS3zkKNN
1278664114893226044,17529276,Y8HXQsatQm
193779011099295745,14530605,uHw5xRXn5q
1417954722064760903,17966225,J8RRPChCbY
718882037997764648,51477083,tFKj9RRaEf
